Country or Area,Subgroup,Year,Source,Unit,Proportion of women 15-49 year-olds who believe that the practice of female genital mutilationcutting should continue,Proportion of women 15-49 year-olds who believe that the practice of female genital mutilationcutting should continue Footnotes
Benin,Total,2002-2011,"UN_Demographic and Health Surveys (DHS), Multiple Indicator Cluster Surveys (MICS) and other national surveys",Percent,1.0,1.0
Burkina Faso,Total,2002-2011,"UN_Demographic and Health Surveys (DHS), Multiple Indicator Cluster Surveys (MICS) and other national surveys",Percent,9.0,1.0
Cameroon,Total,2002-2011,"UN_Demographic and Health Surveys (DHS), Multiple Indicator Cluster Surveys (MICS) and other national surveys",Percent,7.0,1.0
Central African Republic,Total,2002-2011,"UN_Demographic and Health Surveys (DHS), Multiple Indicator Cluster Surveys (MICS) and other national surveys",Percent,11.0,1.0
Chad,Total,2002-2011,"UN_Demographic and Health Surveys (DHS), Multiple Indicator Cluster Surveys (MICS) and other national surveys",Percent,38.0,1.0
CÃ´te d'Ivoire,Total,2002-2011,"UN_Demographic and Health Surveys (DHS), Multiple Indicator Cluster Surveys (MICS) and other national surveys",Percent,20.0,1.0
Djibouti,Total,2002-2011,"UN_Demographic and Health Surveys (DHS), Multiple Indicator Cluster Surveys (MICS) and other national surveys",Percent,37.0,1.0
Egypt,Total,2002-2011,"UN_Demographic and Health Surveys (DHS), Multiple Indicator Cluster Surveys (MICS) and other national surveys",Percent,54.0,1.0
Eritrea,Total,2002-2011,"UN_Demographic and Health Surveys (DHS), Multiple Indicator Cluster Surveys (MICS) and other national surveys",Percent,49.0,1.0
Gambia,Total,2002-2011,"UN_Demographic and Health Surveys (DHS), Multiple Indicator Cluster Surveys (MICS) and other national surveys",Percent,64.0,1.0
Ghana,Total,2002-2011,"UN_Demographic and Health Surveys (DHS), Multiple Indicator Cluster Surveys (MICS) and other national surveys",Percent,2.0,1.0
Guinea,Total,2002-2011,"UN_Demographic and Health Surveys (DHS), Multiple Indicator Cluster Surveys (MICS) and other national surveys",Percent,69.0,1.0
Guinea-Bissau,Total,2002-2011,"UN_Demographic and Health Surveys (DHS), Multiple Indicator Cluster Surveys (MICS) and other national surveys",Percent,34.0,1.0
Kenya,Total,2002-2011,"UN_Demographic and Health Surveys (DHS), Multiple Indicator Cluster Surveys (MICS) and other national surveys",Percent,9.0,1.0
Mali,Total,2002-2011,"UN_Demographic and Health Surveys (DHS), Multiple Indicator Cluster Surveys (MICS) and other national surveys",Percent,73.0,1.0
Mauritania,Total,2002-2011,"UN_Demographic and Health Surveys (DHS), Multiple Indicator Cluster Surveys (MICS) and other national surveys",Percent,53.0,1.0
Niger,Total,2002-2011,"UN_Demographic and Health Surveys (DHS), Multiple Indicator Cluster Surveys (MICS) and other national surveys",Percent,3.0,1.0
Nigeria,Total,2002-2011,"UN_Demographic and Health Surveys (DHS), Multiple Indicator Cluster Surveys (MICS) and other national surveys",Percent,22.0,1.0
Senegal,Total,2002-2011,"UN_Demographic and Health Surveys (DHS), Multiple Indicator Cluster Surveys (MICS) and other national surveys",Percent,17.0,1.0
Sierra Leone,Total,2002-2011,"UN_Demographic and Health Surveys (DHS), Multiple Indicator Cluster Surveys (MICS) and other national surveys",Percent,72.0,1.0
Somalia,Total,2002-2011,"UN_Demographic and Health Surveys (DHS), Multiple Indicator Cluster Surveys (MICS) and other national surveys",Percent,65.0,1.0
Sub-Saharan Africa,Total,2002-2011,"UN_Demographic and Health Surveys (DHS), Multiple Indicator Cluster Surveys (MICS) and other national surveys",Percent,21.0,2.0
Sudan,Total,2002-2011,"UN_Demographic and Health Surveys (DHS), Multiple Indicator Cluster Surveys (MICS) and other national surveys",Percent,42.0,3.0
Togo,Total,2002-2011,"UN_Demographic and Health Surveys (DHS), Multiple Indicator Cluster Surveys (MICS) and other national surveys",Percent,2.0,1.0
Uganda,Total,2002-2011,"UN_Demographic and Health Surveys (DHS), Multiple Indicator Cluster Surveys (MICS) and other national surveys",Percent,9.0,1.0
United Republic of Tanzania,Total,2002-2011,"UN_Demographic and Health Surveys (DHS), Multiple Indicator Cluster Surveys (MICS) and other national surveys",Percent,6.0,1.0
Western and Central Africa,Total,2002-2011,"UN_Demographic and Health Surveys (DHS), Multiple Indicator Cluster Surveys (MICS) and other national surveys",Percent,22.0,2.0
Yemen,Total,2002-2011,"UN_Demographic and Health Surveys (DHS), Multiple Indicator Cluster Surveys (MICS) and other national surveys",Percent,41.0,4.0
