Country or Area,Subgroup,Year,Source,Unit,Proportion of under-five children with suspected pneumonia taken to health provider,Proportion of under-five children with suspected pneumonia taken to health provider Footnotes
Afghanistan,Total <5 yr,2007-2012,"UN_Demographic and Health Surveys (DHS), Multiple Indicator Cluster Surveys (MICS) and other national surveys",Percent,61.0,1.0
Albania,Total <5 yr,2007-2012,"UN_Demographic and Health Surveys (DHS), Multiple Indicator Cluster Surveys (MICS) and other national surveys",Percent,70.0,1.0
Algeria,Total <5 yr,2007-2012,"UN_Demographic and Health Surveys (DHS), Multiple Indicator Cluster Surveys (MICS) and other national surveys",Percent,53.0,2.0
Armenia,Total <5 yr,2007-2012,"UN_Demographic and Health Surveys (DHS), Multiple Indicator Cluster Surveys (MICS) and other national surveys",Percent,57.0,1.0
Azerbaijan,Total <5 yr,2007-2012,"UN_Demographic and Health Surveys (DHS), Multiple Indicator Cluster Surveys (MICS) and other national surveys",Percent,36.0,2.0
Bangladesh,Total <5 yr,2007-2012,"UN_Demographic and Health Surveys (DHS), Multiple Indicator Cluster Surveys (MICS) and other national surveys",Percent,35.0,1.0
Belarus,Total <5 yr,2007-2012,"UN_Demographic and Health Surveys (DHS), Multiple Indicator Cluster Surveys (MICS) and other national surveys",Percent,90.0,2.0
Belize,Total <5 yr,2007-2012,"UN_Demographic and Health Surveys (DHS), Multiple Indicator Cluster Surveys (MICS) and other national surveys",Percent,71.0,2.0
Benin,Total <5 yr,2007-2012,"UN_Demographic and Health Surveys (DHS), Multiple Indicator Cluster Surveys (MICS) and other national surveys",Percent,31.0,1.0
Bhutan,Total <5 yr,2007-2012,"UN_Demographic and Health Surveys (DHS), Multiple Indicator Cluster Surveys (MICS) and other national surveys",Percent,74.0,1.0
Bolivia (Plurinational State of),Total <5 yr,2007-2012,"UN_Demographic and Health Surveys (DHS), Multiple Indicator Cluster Surveys (MICS) and other national surveys",Percent,51.0,1.0
Bosnia and Herzegovina,Total <5 yr,2007-2012,"UN_Demographic and Health Surveys (DHS), Multiple Indicator Cluster Surveys (MICS) and other national surveys",Percent,91.0,2.0
Botswana,Total <5 yr,2007-2012,"UN_Demographic and Health Surveys (DHS), Multiple Indicator Cluster Surveys (MICS) and other national surveys",Percent,14.0,2.0
Brazil,Total <5 yr,2007-2012,"UN_Demographic and Health Surveys (DHS), Multiple Indicator Cluster Surveys (MICS) and other national surveys",Percent,50.0,1.0
Burkina Faso,Total <5 yr,2007-2012,"UN_Demographic and Health Surveys (DHS), Multiple Indicator Cluster Surveys (MICS) and other national surveys",Percent,56.0,1.0
Burundi,Total <5 yr,2007-2012,"UN_Demographic and Health Surveys (DHS), Multiple Indicator Cluster Surveys (MICS) and other national surveys",Percent,55.0,1.0
Cambodia,Total <5 yr,2007-2012,"UN_Demographic and Health Surveys (DHS), Multiple Indicator Cluster Surveys (MICS) and other national surveys",Percent,64.0,1.0
Cameroon,Total <5 yr,2007-2012,"UN_Demographic and Health Surveys (DHS), Multiple Indicator Cluster Surveys (MICS) and other national surveys",Percent,30.0,1.0
Central African Republic,Total <5 yr,2007-2012,"UN_Demographic and Health Surveys (DHS), Multiple Indicator Cluster Surveys (MICS) and other national surveys",Percent,30.0,1.0
Chad,Total <5 yr,2007-2012,"UN_Demographic and Health Surveys (DHS), Multiple Indicator Cluster Surveys (MICS) and other national surveys",Percent,26.0,1.0
Colombia,Total <5 yr,2007-2012,"UN_Demographic and Health Surveys (DHS), Multiple Indicator Cluster Surveys (MICS) and other national surveys",Percent,64.0,1.0
Comoros,Total <5 yr,2007-2012,"UN_Demographic and Health Surveys (DHS), Multiple Indicator Cluster Surveys (MICS) and other national surveys",Percent,56.0,2.0
Congo,Total <5 yr,2007-2012,"UN_Demographic and Health Surveys (DHS), Multiple Indicator Cluster Surveys (MICS) and other national surveys",Percent,52.0,1.0
CÃ´te d'Ivoire,Total <5 yr,2007-2012,"UN_Demographic and Health Surveys (DHS), Multiple Indicator Cluster Surveys (MICS) and other national surveys",Percent,38.0,1.0
Cuba,Total <5 yr,2007-2012,"UN_Demographic and Health Surveys (DHS), Multiple Indicator Cluster Surveys (MICS) and other national surveys",Percent,97.0,1.0
Democratic People's Republic of Korea,Total <5 yr,2007-2012,"UN_Demographic and Health Surveys (DHS), Multiple Indicator Cluster Surveys (MICS) and other national surveys",Percent,80.0,1.0
Democratic Republic of the Congo,Total <5 yr,2007-2012,"UN_Demographic and Health Surveys (DHS), Multiple Indicator Cluster Surveys (MICS) and other national surveys",Percent,40.0,1.0
Djibouti,Total <5 yr,2007-2012,"UN_Demographic and Health Surveys (DHS), Multiple Indicator Cluster Surveys (MICS) and other national surveys",Percent,62.0,2.0
Dominican Republic,Total <5 yr,2007-2012,"UN_Demographic and Health Surveys (DHS), Multiple Indicator Cluster Surveys (MICS) and other national surveys",Percent,70.0,1.0
East Asia and Pacific,Total <5 yr,2007-2012,"UN_Demographic and Health Surveys (DHS), Multiple Indicator Cluster Surveys (MICS) and other national surveys",Percent,64.0,3.0
Eastern and Southern Africa,Total <5 yr,2007-2012,"UN_Demographic and Health Surveys (DHS), Multiple Indicator Cluster Surveys (MICS) and other national surveys",Percent,55.0,4.0
Egypt,Total <5 yr,2007-2012,"UN_Demographic and Health Surveys (DHS), Multiple Indicator Cluster Surveys (MICS) and other national surveys",Percent,73.0,1.0
El Salvador,Total <5 yr,2007-2012,"UN_Demographic and Health Surveys (DHS), Multiple Indicator Cluster Surveys (MICS) and other national surveys",Percent,67.0,1.0
Eritrea,Total <5 yr,2007-2012,"UN_Demographic and Health Surveys (DHS), Multiple Indicator Cluster Surveys (MICS) and other national surveys",Percent,44.0,2.0
Ethiopia,Total <5 yr,2007-2012,"UN_Demographic and Health Surveys (DHS), Multiple Indicator Cluster Surveys (MICS) and other national surveys",Percent,27.0,1.0
Gabon,Total <5 yr,2007-2012,"UN_Demographic and Health Surveys (DHS), Multiple Indicator Cluster Surveys (MICS) and other national surveys",Percent,48.0,2.0
Gambia,Total <5 yr,2007-2012,"UN_Demographic and Health Surveys (DHS), Multiple Indicator Cluster Surveys (MICS) and other national surveys",Percent,69.0,1.0
Georgia,Total <5 yr,2007-2012,"UN_Demographic and Health Surveys (DHS), Multiple Indicator Cluster Surveys (MICS) and other national surveys",Percent,74.0,2.0
Ghana,Total <5 yr,2007-2012,"UN_Demographic and Health Surveys (DHS), Multiple Indicator Cluster Surveys (MICS) and other national surveys",Percent,41.0,1.0
Guatemala,Total <5 yr,2007-2012,"UN_Demographic and Health Surveys (DHS), Multiple Indicator Cluster Surveys (MICS) and other national surveys",Percent,64.0,2.0
Guinea,Total <5 yr,2007-2012,"UN_Demographic and Health Surveys (DHS), Multiple Indicator Cluster Surveys (MICS) and other national surveys",Percent,42.0,2.0
Guinea-Bissau,Total <5 yr,2007-2012,"UN_Demographic and Health Surveys (DHS), Multiple Indicator Cluster Surveys (MICS) and other national surveys",Percent,52.0,1.0
Guyana,Total <5 yr,2007-2012,"UN_Demographic and Health Surveys (DHS), Multiple Indicator Cluster Surveys (MICS) and other national surveys",Percent,65.0,1.0
Haiti,Total <5 yr,2007-2012,"UN_Demographic and Health Surveys (DHS), Multiple Indicator Cluster Surveys (MICS) and other national surveys",Percent,31.0,2.0
Honduras,Total <5 yr,2007-2012,"UN_Demographic and Health Surveys (DHS), Multiple Indicator Cluster Surveys (MICS) and other national surveys",Percent,56.0,2.0
India,Total <5 yr,2007-2012,"UN_Demographic and Health Surveys (DHS), Multiple Indicator Cluster Surveys (MICS) and other national surveys",Percent,69.0,2.0
Indonesia,Total <5 yr,2007-2012,"UN_Demographic and Health Surveys (DHS), Multiple Indicator Cluster Surveys (MICS) and other national surveys",Percent,66.0,1.0
Iran (Islamic Republic of),Total <5 yr,2007-2012,"UN_Demographic and Health Surveys (DHS), Multiple Indicator Cluster Surveys (MICS) and other national surveys",Percent,93.0,2.0
Iraq,Total <5 yr,2007-2012,"UN_Demographic and Health Surveys (DHS), Multiple Indicator Cluster Surveys (MICS) and other national surveys",Percent,82.0,2.0
Jamaica,Total <5 yr,2007-2012,"UN_Demographic and Health Surveys (DHS), Multiple Indicator Cluster Surveys (MICS) and other national surveys",Percent,75.0,2.0
Jordan,Total <5 yr,2007-2012,"UN_Demographic and Health Surveys (DHS), Multiple Indicator Cluster Surveys (MICS) and other national surveys",Percent,75.0,1.0
Kazakhstan,Total <5 yr,2007-2012,"UN_Demographic and Health Surveys (DHS), Multiple Indicator Cluster Surveys (MICS) and other national surveys",Percent,71.0,2.0
Kenya,Total <5 yr,2007-2012,"UN_Demographic and Health Surveys (DHS), Multiple Indicator Cluster Surveys (MICS) and other national surveys",Percent,56.0,1.0
Kiribati,Total <5 yr,2007-2012,"UN_Demographic and Health Surveys (DHS), Multiple Indicator Cluster Surveys (MICS) and other national surveys",Percent,81.0,1.0
Kyrgyzstan,Total <5 yr,2007-2012,"UN_Demographic and Health Surveys (DHS), Multiple Indicator Cluster Surveys (MICS) and other national surveys",Percent,62.0,2.0
Lao People's Democratic Republic,Total <5 yr,2007-2012,"UN_Demographic and Health Surveys (DHS), Multiple Indicator Cluster Surveys (MICS) and other national surveys",Percent,32.0,2.0
Least Developed Countries/Territories,Total <5 yr,2007-2012,"UN_Demographic and Health Surveys (DHS), Multiple Indicator Cluster Surveys (MICS) and other national surveys",Percent,50.0,4.0
Lebanon,Total <5 yr,2007-2012,"UN_Demographic and Health Surveys (DHS), Multiple Indicator Cluster Surveys (MICS) and other national surveys",Percent,74.0,2.0
Lesotho,Total <5 yr,2007-2012,"UN_Demographic and Health Surveys (DHS), Multiple Indicator Cluster Surveys (MICS) and other national surveys",Percent,66.0,1.0
Liberia,Total <5 yr,2007-2012,"UN_Demographic and Health Surveys (DHS), Multiple Indicator Cluster Surveys (MICS) and other national surveys",Percent,62.0,1.0
Madagascar,Total <5 yr,2007-2012,"UN_Demographic and Health Surveys (DHS), Multiple Indicator Cluster Surveys (MICS) and other national surveys",Percent,42.0,1.0
Malawi,Total <5 yr,2007-2012,"UN_Demographic and Health Surveys (DHS), Multiple Indicator Cluster Surveys (MICS) and other national surveys",Percent,70.0,1.0
Maldives,Total <5 yr,2007-2012,"UN_Demographic and Health Surveys (DHS), Multiple Indicator Cluster Surveys (MICS) and other national surveys",Percent,22.0,2.0
Mali,Total <5 yr,2007-2012,"UN_Demographic and Health Surveys (DHS), Multiple Indicator Cluster Surveys (MICS) and other national surveys",Percent,38.0,2.0
Mauritania,Total <5 yr,2007-2012,"UN_Demographic and Health Surveys (DHS), Multiple Indicator Cluster Surveys (MICS) and other national surveys",Percent,45.0,1.0
Mongolia,Total <5 yr,2007-2012,"UN_Demographic and Health Surveys (DHS), Multiple Indicator Cluster Surveys (MICS) and other national surveys",Percent,87.0,1.0
Montenegro,Total <5 yr,2007-2012,"UN_Demographic and Health Surveys (DHS), Multiple Indicator Cluster Surveys (MICS) and other national surveys",Percent,89.0,2.0
Morocco,Total <5 yr,2007-2012,"UN_Demographic and Health Surveys (DHS), Multiple Indicator Cluster Surveys (MICS) and other national surveys",Percent,70.0,1.0
Mozambique,Total <5 yr,2007-2012,"UN_Demographic and Health Surveys (DHS), Multiple Indicator Cluster Surveys (MICS) and other national surveys",Percent,65.0,1.0
Myanmar,Total <5 yr,2007-2012,"UN_Demographic and Health Surveys (DHS), Multiple Indicator Cluster Surveys (MICS) and other national surveys",Percent,69.0,1.0
Namibia,Total <5 yr,2007-2012,"UN_Demographic and Health Surveys (DHS), Multiple Indicator Cluster Surveys (MICS) and other national surveys",Percent,53.0,2.0
Nauru,Total <5 yr,2007-2012,"UN_Demographic and Health Surveys (DHS), Multiple Indicator Cluster Surveys (MICS) and other national surveys",Percent,69.0,1.0
Nepal,Total <5 yr,2007-2012,"UN_Demographic and Health Surveys (DHS), Multiple Indicator Cluster Surveys (MICS) and other national surveys",Percent,50.0,1.0
Nicaragua,Total <5 yr,2007-2012,"UN_Demographic and Health Surveys (DHS), Multiple Indicator Cluster Surveys (MICS) and other national surveys",Percent,58.0,2.0
Niger,Total <5 yr,2007-2012,"UN_Demographic and Health Surveys (DHS), Multiple Indicator Cluster Surveys (MICS) and other national surveys",Percent,51.0,1.0
Nigeria,Total <5 yr,2007-2012,"UN_Demographic and Health Surveys (DHS), Multiple Indicator Cluster Surveys (MICS) and other national surveys",Percent,45.0,1.0
Pakistan,Total <5 yr,2007-2012,"UN_Demographic and Health Surveys (DHS), Multiple Indicator Cluster Surveys (MICS) and other national surveys",Percent,69.0,1.0
Papua New Guinea,Total <5 yr,2007-2012,"UN_Demographic and Health Surveys (DHS), Multiple Indicator Cluster Surveys (MICS) and other national surveys",Percent,63.0,2.0
Peru,Total <5 yr,2007-2012,"UN_Demographic and Health Surveys (DHS), Multiple Indicator Cluster Surveys (MICS) and other national surveys",Percent,68.0,1.0
Philippines,Total <5 yr,2007-2012,"UN_Demographic and Health Surveys (DHS), Multiple Indicator Cluster Surveys (MICS) and other national surveys",Percent,50.0,1.0
Republic of Moldova,Total <5 yr,2007-2012,"UN_Demographic and Health Surveys (DHS), Multiple Indicator Cluster Surveys (MICS) and other national surveys",Percent,60.0,2.0
Rwanda,Total <5 yr,2007-2012,"UN_Demographic and Health Surveys (DHS), Multiple Indicator Cluster Surveys (MICS) and other national surveys",Percent,50.0,1.0
Sao Tome and Principe,Total <5 yr,2007-2012,"UN_Demographic and Health Surveys (DHS), Multiple Indicator Cluster Surveys (MICS) and other national surveys",Percent,75.0,1.0
Senegal,Total <5 yr,2007-2012,"UN_Demographic and Health Surveys (DHS), Multiple Indicator Cluster Surveys (MICS) and other national surveys",Percent,50.0,1.0
Serbia,Total <5 yr,2007-2012,"UN_Demographic and Health Surveys (DHS), Multiple Indicator Cluster Surveys (MICS) and other national surveys",Percent,90.0,1.0
Sierra Leone,Total <5 yr,2007-2012,"UN_Demographic and Health Surveys (DHS), Multiple Indicator Cluster Surveys (MICS) and other national surveys",Percent,74.0,1.0
Solomon Islands,Total <5 yr,2007-2012,"UN_Demographic and Health Surveys (DHS), Multiple Indicator Cluster Surveys (MICS) and other national surveys",Percent,73.0,1.0
Somalia,Total <5 yr,2007-2012,"UN_Demographic and Health Surveys (DHS), Multiple Indicator Cluster Surveys (MICS) and other national surveys",Percent,13.0,2.0
South Africa,Total <5 yr,2007-2012,"UN_Demographic and Health Surveys (DHS), Multiple Indicator Cluster Surveys (MICS) and other national surveys",Percent,65.0,2.0
South Asia,Total <5 yr,2007-2012,"UN_Demographic and Health Surveys (DHS), Multiple Indicator Cluster Surveys (MICS) and other national surveys",Percent,65.0,4.0
South Sudan,Total <5 yr,2007-2012,"UN_Demographic and Health Surveys (DHS), Multiple Indicator Cluster Surveys (MICS) and other national surveys",Percent,48.0,5.0
Sri Lanka,Total <5 yr,2007-2012,"UN_Demographic and Health Surveys (DHS), Multiple Indicator Cluster Surveys (MICS) and other national surveys",Percent,58.0,1.0
State of Palestine,Total <5 yr,2007-2012,"UN_Demographic and Health Surveys (DHS), Multiple Indicator Cluster Surveys (MICS) and other national surveys",Percent,65.0,2.0
Sub-Saharan Africa,Total <5 yr,2007-2012,"UN_Demographic and Health Surveys (DHS), Multiple Indicator Cluster Surveys (MICS) and other national surveys",Percent,49.0,4.0
Sudan,Total <5 yr,2007-2012,"UN_Demographic and Health Surveys (DHS), Multiple Indicator Cluster Surveys (MICS) and other national surveys",Percent,56.0,5.0
Suriname,Total <5 yr,2007-2012,"UN_Demographic and Health Surveys (DHS), Multiple Indicator Cluster Surveys (MICS) and other national surveys",Percent,74.0,2.0
Swaziland,Total <5 yr,2007-2012,"UN_Demographic and Health Surveys (DHS), Multiple Indicator Cluster Surveys (MICS) and other national surveys",Percent,58.0,1.0
Syrian Arab Republic,Total <5 yr,2007-2012,"UN_Demographic and Health Surveys (DHS), Multiple Indicator Cluster Surveys (MICS) and other national surveys",Percent,77.0,2.0
Tajikistan,Total <5 yr,2007-2012,"UN_Demographic and Health Surveys (DHS), Multiple Indicator Cluster Surveys (MICS) and other national surveys",Percent,64.0,2.0
Thailand,Total <5 yr,2007-2012,"UN_Demographic and Health Surveys (DHS), Multiple Indicator Cluster Surveys (MICS) and other national surveys",Percent,84.0,2.0
The former Yugoslav Republic of Macedonia,Total <5 yr,2007-2012,"UN_Demographic and Health Surveys (DHS), Multiple Indicator Cluster Surveys (MICS) and other national surveys",Percent,93.0,2.0
Timor-Leste,Total <5 yr,2007-2012,"UN_Demographic and Health Surveys (DHS), Multiple Indicator Cluster Surveys (MICS) and other national surveys",Percent,71.0,1.0
Togo,Total <5 yr,2007-2012,"UN_Demographic and Health Surveys (DHS), Multiple Indicator Cluster Surveys (MICS) and other national surveys",Percent,32.0,1.0
Trinidad and Tobago,Total <5 yr,2007-2012,"UN_Demographic and Health Surveys (DHS), Multiple Indicator Cluster Surveys (MICS) and other national surveys",Percent,74.0,2.0
Tunisia,Total <5 yr,2007-2012,"UN_Demographic and Health Surveys (DHS), Multiple Indicator Cluster Surveys (MICS) and other national surveys",Percent,59.0,2.0
Turkey,Total <5 yr,2007-2012,"UN_Demographic and Health Surveys (DHS), Multiple Indicator Cluster Surveys (MICS) and other national surveys",Percent,41.0,2.0
Turkmenistan,Total <5 yr,2007-2012,"UN_Demographic and Health Surveys (DHS), Multiple Indicator Cluster Surveys (MICS) and other national surveys",Percent,83.0,2.0
Uganda,Total <5 yr,2007-2012,"UN_Demographic and Health Surveys (DHS), Multiple Indicator Cluster Surveys (MICS) and other national surveys",Percent,79.0,1.0
United Republic of Tanzania,Total <5 yr,2007-2012,"UN_Demographic and Health Surveys (DHS), Multiple Indicator Cluster Surveys (MICS) and other national surveys",Percent,71.0,1.0
Uzbekistan,Total <5 yr,2007-2012,"UN_Demographic and Health Surveys (DHS), Multiple Indicator Cluster Surveys (MICS) and other national surveys",Percent,68.0,2.0
Venezuela (Bolivarian Republic of),Total <5 yr,2007-2012,"UN_Demographic and Health Surveys (DHS), Multiple Indicator Cluster Surveys (MICS) and other national surveys",Percent,72.0,2.0
Viet Nam,Total <5 yr,2007-2012,"UN_Demographic and Health Surveys (DHS), Multiple Indicator Cluster Surveys (MICS) and other national surveys",Percent,73.0,1.0
Western and Central Africa,Total <5 yr,2007-2012,"UN_Demographic and Health Surveys (DHS), Multiple Indicator Cluster Surveys (MICS) and other national surveys",Percent,44.0,4.0
World,Total <5 yr,2007-2012,"UN_Demographic and Health Surveys (DHS), Multiple Indicator Cluster Surveys (MICS) and other national surveys",Percent,60.0,3.0
Yemen,Total <5 yr,2007-2012,"UN_Demographic and Health Surveys (DHS), Multiple Indicator Cluster Surveys (MICS) and other national surveys",Percent,44.0,2.0
Zambia,Total <5 yr,2007-2012,"UN_Demographic and Health Surveys (DHS), Multiple Indicator Cluster Surveys (MICS) and other national surveys",Percent,68.0,1.0
Zimbabwe,Total <5 yr,2007-2012,"UN_Demographic and Health Surveys (DHS), Multiple Indicator Cluster Surveys (MICS) and other national surveys",Percent,48.0,1.0
